,coherence,tempo_gasto
5,0.2875854152290172,9.927490234375
6,0.35101994948098564,10.009680986404419
